{
  "ranks": {
    "Year": 1,
    "mean_Miles_per_Gallon": 3,
    "median_Cylinders": 5,
    "mean_Displacement": 6,
    "mean_Horsepower": 4,
    "mean_Weight_in_lbs": 2,
    "mean_Acceleration": 7
  },
  "types": {
    "Year": "categorical",
    "mean_Miles_per_Gallon": "linear",
    "median_Cylinders": "linear",
    "mean_Displacement": "linear",
    "mean_Horsepower": "linear",
    "mean_Weight_in_lbs": "linear",
    "mean_Acceleration": "linear"
  },
  "data": {
    "Year": [
      "1970",
      "1971",
      "1972",
      "1973",
      "1974",
      "1975",
      "1976",
      "1977",
      "1978",
      "1979",
      "1980",
      "1982"
    ],
    "lineID": [
      0,
      1,
      2,
      3,
      4,
      5,
      6,
      7,
      8,
      9,
      10,
      11
    ],
    "mean_Miles_per_Gallon": [
      17.689655172413794,
      21.250000000000004,
      18.714285714285715,
      17.1,
      22.70370370370371,
      20.26666666666667,
      21.573529411764707,
      23.375000000000007,
      24.06111111111111,
      25.093103448275862,
      33.69655172413792,
      31.04500000000001
    ],
    "median_Cylinders": [
      8,
      6,
      4,
      7,
      4,
      6,
      6,
      4,
      5.5,
      6,
      4,
      4
    ],
    "mean_Displacement": [
      286.85714285714283,
      205.86206896551727,
      218.375,
      256.875,
      171.74074074074076,
      205.53333333333333,
      197.79411764705884,
      191.39285714285717,
      177.80555555555557,
      206.68965517241378,
      115.82758620689654,
      131.80327868852453
    ],
    "mean_Horsepower": [
      148.85714285714286,
      104.92857142857144,
      120.17857142857143,
      130.47500000000005,
      94.23076923076923,
      101.06666666666666,
      101.11764705882356,
      105.07142857142856,
      99.69444444444443,
      101.20689655172416,
      77.48148148148151,
      81.74576271186439
    ],
    "mean_Weight_in_lbs": [
      3441.3142857142843,
      2960.3448275862065,
      3237.7142857142867,
      3419.024999999999,
      2877.925925925925,
      3176.7999999999993,
      3078.7352941176464,
      2997.3571428571427,
      2861.805555555555,
      3055.344827586207,
      2436.655172413793,
      2492.2131147540986
    ],
    "mean_Acceleration": [
      12.714285714285715,
      15.310344827586208,
      15.125000000000002,
      14.3125,
      16.20370370370371,
      16.05,
      15.941176470588232,
      15.435714285714289,
      15.805555555555554,
      15.81379310344828,
      16.934482758620685,
      16.46065573770491
    ]
  }
}