{"svg":{"width":600,"height":500},"axes":[{"orient":"bottom","innerTickSize":6,"outerTickSize":6,"tickPadding":3,"tickArguments":{"0":3},"tickValues":null,"ticks":[0,2,4],"axis":"xaxis","scaleDomain":[0,4],"offset":{"x":60,"y":470},"scaleRange":[60,580],"boundingBox":{"height":26.59375,"width":530.234375,"y":470,"x":54.84375}},{"orient":"left","innerTickSize":6,"outerTickSize":6,"tickPadding":3,"tickArguments":[10],"tickValues":null,"ticks":["DE","FR","BE","MX","CA","PA"],"axis":"yaxis","scaleDomain":["DE","FR","BE","MX","CA","PA"],"offset":{"x":60,"y":20},"scaleRange":[30,103,176,249,322,395],"boundingBox":{"height":450,"width":38.59375,"y":20,"x":21.40625}}],"groups":[{"data":{"country":["DE","FR","BE","MX","CA","PA"],"region":["europe","europe","europe","america","america","america"],"gdp":[3.73,2.8,0.524,1.26,1.83,0.57],"_deriv_xPosition_0":[2,5,3,4,1,0],"_deriv_yPosition_0":[0,1,2,3,4,5],"_deriv_width_0":[2,5,3,4,1,0],"_deriv_height_0":[0,1,2,3,4,5]},"attrs":{"font-family":["Times","Times","Times","Times","Times","Times"],"font-size":["16px","16px","16px","16px","16px","16px"],"font-weight":["normal","normal","normal","normal","normal","normal"],"opacity":[1,1,1,1,1,1],"fill":["rgb(128,128,128)","rgb(128,128,128)","rgb(128,128,128)","rgb(128,0,128)","rgb(128,0,128)","rgb(128,0,128)"],"fill-opacity":[1,1,1,1,1,1],"stroke":["none","none","none","none","none","none"],"stroke-width":[1,1,1,1,1,1],"shape":["rect","rect","rect","rect","rect","rect"],"xPosition":[302.45001220703125,242,94.05999755859375,141.9000015258789,178.9499969482422,97.05000305175781],"yPosition":[63,136,209,282,355,428],"area":[24002.551208496094,18018,3371.9397583007812,8108.100151062012,11776.049697875977,3667.9503021240234],"width":[484.9000244140625,364,68.1199951171875,163.8000030517578,237.89999389648438,74.10000610351562],"height":[49.5,49.5,49.5,49.5,49.5,49.5],"text":["","","","","",""],"rotation":[0,0,0,0,0,0]},"numFields":7,"ids":[1,2,3,4,5,6],"mappings":[{"data":"region","attr":"fill","type":"nominal","params":{"europe":"rgb(128,128,128)","america":"rgb(128,0,128)"},"group":"~0~groups~0"},{"data":["gdp"],"attr":"xPosition","type":"linear","params":{"attrMin":94.05999755859375,"attrMax":302.45001220703125,"coeffs":[65.00000271751854,59.99999702933501],"err":0.9999999999999972},"dataRange":[0,4],"attrRange":[59.99999702933501,320.0000078994092],"group":"~0~groups~0"},{"data":["_deriv_yPosition_0"],"attr":"yPosition","type":"derived","params":{"attrMin":63,"attrMax":428,"coeffs":[73,63.0000000000001],"err":1},"group":"~0~groups~0"},{"data":["gdp"],"attr":"area","type":"linear","params":{"attrMin":3371.9397583007812,"attrMax":24002.551208496094,"coeffs":[6435.000269034337,-0.0002940958331691945],"err":0.9999999999999972},"dataRange":[0.524,3.73],"attrRange":[3371.93984687816,24002.550709402243],"group":"~0~groups~0"},{"data":["gdp"],"attr":"width","type":"linear","params":{"attrMin":68.1199951171875,"attrMax":484.9000244140625,"coeffs":[130.00000543503708,-0.000005941329938252693],"err":0.9999999999999972},"dataRange":[0.524,3.73],"attrRange":[68.1199969066295,484.90001433135836],"group":"~0~groups~0"}],"nodeAttrs":[{"class":"bar","x":"0","width":"484.9","y":"18.25","height":"49.5","fill":"grey","text":""},{"class":"bar","x":"0","width":"364","y":"91.25","height":"49.5","fill":"grey","text":""},{"class":"bar","x":"0","width":"68.12","y":"164.25","height":"49.5","fill":"grey","text":""},{"class":"bar","x":"0","width":"163.8","y":"237.25","height":"49.5","fill":"purple","text":""},{"class":"bar","x":"0","width":"237.9","y":"310.25","height":"49.5","fill":"purple","text":""},{"class":"bar","x":"0","width":"74.1","y":"383.25","height":"49.5","fill":"purple","text":""}]},{"data":{"number":[0,2,4],"_deriv_xPosition_1":[0,1,2],"_deriv_yPosition_1":[0,1,2],"_deriv_width_1":[0,1,2],"_deriv_height_1":[0,1,2]},"attrs":{"font-family":["Times","Times","Times"],"font-size":["16px","16px","16px"],"font-weight":["normal","normal","normal"],"opacity":[1,1,1],"fill":["none","none","none"],"fill-opacity":[1,1,1],"stroke":["rgb(0,0,0)","rgb(0,0,0)","rgb(0,0,0)"],"stroke-width":["1px","1px","1px"],"shape":["line","line","line"],"xPosition":[60,320,580],"yPosition":[473,473,473],"area":[0,0,0],"width":[0,0,0],"height":[6,6,6],"text":["","",""],"rotation":[0,0,0]},"numFields":5,"ids":[9,12,15],"mappings":[{"data":["number"],"attr":"xPosition","type":"linear","params":{"attrMin":60,"attrMax":580,"coeffs":[130,60.00000000000004],"err":1},"dataRange":[0,4],"attrRange":[60.00000000000004,580],"group":"~0~groups~1"}],"nodeAttrs":[{"y2":"6","x2":"0","text":""},{"y2":"6","x2":"0","text":""},{"y2":"6","x2":"0","text":""}],"name":"xaxis-ticks","axis":"xaxis"},{"data":{"number":[0,2,4],"_deriv_xPosition_1":[0,1,2],"_deriv_yPosition_2":[0,1,2],"_deriv_width_2":[1,2,0],"_deriv_height_2":[0,1,2]},"attrs":{"font-family":["'Roboto Slab'","'Roboto Slab'","'Roboto Slab'"],"font-size":["18px","18px","18px"],"font-weight":[600,600,600],"opacity":[1,1,1],"fill":["rgb(0,0,0)","rgb(0,0,0)","rgb(0,0,0)"],"fill-opacity":[1,1,1],"stroke":["none","none","none"],"stroke-width":[1,1,1],"shape":["text","text","text"],"xPosition":[60,320,580],"yPosition":[484.5859375,484.5859375,484.5859375],"area":[247.6611328125,239.40576171875,243.90869140625],"width":[10.3125,9.96875,10.15625],"height":[24.015625,24.015625,24.015625],"text":["0","2","4"],"rotation":[0,0,0]},"numFields":5,"ids":[10,13,16],"mappings":[{"data":"number","attr":"text","type":"nominal","params":{"0":"0","2":"2","4":"4"},"group":"~0~groups~2"},{"data":["number"],"attr":"xPosition","type":"linear","params":{"attrMin":60,"attrMax":580,"coeffs":[130,60.00000000000004],"err":1},"dataRange":[0,4],"attrRange":[60.00000000000004,580],"group":"~0~groups~2"},{"data":["_deriv_width_2","number"],"attr":"width","type":"derived","params":{"attrMin":9.96875,"attrMax":10.3125,"coeffs":[-0.17708333333333526,-0.08333333333333437,10.489583333333337],"err":1},"group":"~0~groups~2"},{"data":["_deriv_width_2","_deriv_xPosition_1"],"attr":"width","type":"derived","params":{"attrMin":9.96875,"attrMax":10.3125,"coeffs":[-0.17708333333333526,-0.16666666666666874,10.489583333333337],"err":1},"group":"~0~groups~2"},{"data":["_deriv_width_2","_deriv_yPosition_2"],"attr":"width","type":"derived","params":{"attrMin":9.96875,"attrMax":10.3125,"coeffs":[-0.17708333333333526,-0.16666666666666874,10.489583333333337],"err":1},"group":"~0~groups~2"}],"nodeAttrs":[{"dy":".71em","y":"9","x":"0","style":"text-anchor: middle;","text":"0"},{"dy":".71em","y":"9","x":"0","style":"text-anchor: middle;","text":"2"},{"dy":".71em","y":"9","x":"0","style":"text-anchor: middle;","text":"4"}],"name":"xaxis-labels","axis":"xaxis"},{"data":{"string":["DE","FR","BE","MX","CA","PA"],"_deriv_xPosition_3":[0,1,2,3,4,5],"_deriv_yPosition_0":[0,1,2,3,4,5],"_deriv_width_3":[0,1,2,3,4,5],"_deriv_height_3":[0,1,2,3,4,5]},"attrs":{"font-family":["Times","Times","Times","Times","Times","Times"],"font-size":["16px","16px","16px","16px","16px","16px"],"font-weight":["normal","normal","normal","normal","normal","normal"],"opacity":[1,1,1,1,1,1],"fill":["none","none","none","none","none","none"],"fill-opacity":[1,1,1,1,1,1],"stroke":["rgb(0,0,0)","rgb(0,0,0)","rgb(0,0,0)","rgb(0,0,0)","rgb(0,0,0)","rgb(0,0,0)"],"stroke-width":["1px","1px","1px","1px","1px","1px"],"shape":["line","line","line","line","line","line"],"xPosition":[57,57,57,57,57,57],"yPosition":[63,136,209,282,355,428],"area":[0,0,0,0,0,0],"width":[6,6,6,6,6,6],"height":[0,0,0,0,0,0],"text":["","","","","",""],"rotation":[0,0,0,0,0,0]},"numFields":5,"ids":[20,23,26,29,32,35],"mappings":[{"data":["_deriv_yPosition_0"],"attr":"yPosition","type":"derived","params":{"attrMin":63,"attrMax":428,"coeffs":[73,63.0000000000001],"err":1},"group":"~0~groups~3"}],"nodeAttrs":[{"x2":"-6","y2":"0","text":""},{"x2":"-6","y2":"0","text":""},{"x2":"-6","y2":"0","text":""},{"x2":"-6","y2":"0","text":""},{"x2":"-6","y2":"0","text":""},{"x2":"-6","y2":"0","text":""}],