{"svg":{"width":600,"height":400},"axes":[{"orient":"bottom","innerTickSize":6,"outerTickSize":6,"tickPadding":3,"tickArguments":{"0":3},"tickValues":null,"ticks":[0,20,40],"axis":"xaxis","scaleDomain":[0,40],"offset":{"x":60,"y":370},"scaleRange":[60,580],"boundingBox":{"height":28.8125,"width":536.90625,"y":370,"x":54.359375}},{"orient":"left","innerTickSize":6,"outerTickSize":6,"tickPadding":3,"tickArguments":[10],"tickValues":null,"ticks":["DE","FR","BE","MX","CA","PA"],"axis":"yaxis","scaleDomain":["DE","FR","BE","MX","CA","PA"],"offset":{"x":60,"y":20},"scaleRange":[27,84,141,198,255,312],"boundingBox":{"height":350,"width":39.21875,"y":20,"x":20.78125}}],"groups":[{"data":{"country":["DE","FR","BE","MX","CA","PA"],"region":["europe","europe","europe","america","america","america"],"gdp":[37.3,28,5.2,12.6,18.3,5.7],"_deriv_xPosition_0":[2,5,3,4,1,0],"_deriv_yPosition_0":[0,1,2,3,4,5],"_deriv_width_0":[2,5,3,4,1,0],"_deriv_height_0":[0,1,2,3,4,5]},"attrs":{"font-family":["Times","Times","Times","Times","Times","Times"],"font-size":["16px","16px","16px","16px","16px","16px"],"font-weight":["normal","normal","normal","normal","normal","normal"],"opacity":[1,1,1,1,1,1],"fill":["rgb(209,167,48)","rgb(209,167,48)","rgb(209,167,48)","rgb(56,118,104)","rgb(56,118,104)","rgb(56,118,104)"],"fill-opacity":[1,1,1,1,1,1],"stroke":["none","none","none","none","none","none"],"stroke-width":[1,1,1,1,1,1],"shape":["rect","rect","rect","rect","rect","rect"],"xPosition":[302.45001220703125,242,93.79999923706055,141.9000015258789,178.9499969482422,97.05000305175781],"yPosition":[52.5,109.5,166.5,223.5,280.5,337.5],"area":[20971.926055908203,15743,2923.6999340057373,7084.350131988525,10289.17473602295,3204.825263977051],"width":[484.9000244140625,364,67.5999984741211,163.8000030517578,237.89999389648438,74.10000610351562],"height":[43.25,43.25,43.25,43.25,43.25,43.25],"text":["","","","","",""],"rotation":[0,0,0,0,0,0]},"numFields":7,"ids":[1,2,3,4,5,6],"mappings":[{"data":"region","attr":"fill","type":"nominal","params":{"europe":"rgb(209,167,48)","america":"rgb(56,118,104)"},"group":"~0~groups~0"},{"data":["gdp"],"attr":"xPosition","type":"linear","params":{"attrMin":93.79999923706055,"attrMax":302.45001220703125,"coeffs":[6.5000002456303845,59.99999777715945],"err":0.9999999999999973},"dataRange":[0,40],"attrRange":[59.99999777715945,320.0000076023748],"group":"~0~groups~0"},{"data":["_deriv_yPosition_0"],"attr":"yPosition","type":"derived","params":{"attrMin":52.5,"attrMax":337.5,"coeffs":[57,52.50000000000007],"err":1},"group":"~0~groups~0"},{"data":["gdp"],"attr":"area","type":"linear","params":{"attrMin":2923.6999340057373,"attrMax":20971.926055908203,"coeffs":[562.2500212470279,-0.00019227570555813145],"err":0.9999999999999973},"dataRange":[5.2,37.3],"attrRange":[2923.69991820884,20971.925600238435],"group":"~0~groups~0"},{"data":["gdp"],"attr":"width","type":"linear","params":{"attrMin":67.5999984741211,"attrMax":484.9000244140625,"coeffs":[13.000000491260764,-0.000004445681071274521],"err":0.9999999999999973},"dataRange":[5.2,37.3],"attrRange":[67.5999981088749,484.90001387834536],"group":"~0~groups~0"}],"nodeAttrs":[{"class":"bar","x":"0","width":"484.8999999999999","y":"10.875","height":"43.25","fill":"#D1A730","text":""},{"class":"bar","x":"0","width":"364","y":"67.875","height":"43.25","fill":"#D1A730","text":""},{"class":"bar","x":"0","width":"67.60000000000001","y":"124.875","height":"43.25","fill":"#D1A730","text":""},{"class":"bar","x":"0","width":"163.8","y":"181.875","height":"43.25","fill":"#387668","text":""},{"class":"bar","x":"0","width":"237.9","y":"238.875","height":"43.25","fill":"#387668","text":""},{"class":"bar","x":"0","width":"74.10000000000001","y":"295.875","height":"43.25","fill":"#387668","text":""}]},{"data":{"country":["DE","FR","BE","MX","CA","PA"],"region":["europe","europe","europe","america","america","america"],"gdp":[37.3,28,5.2,12.6,18.3,5.7],"_deriv_xPosition_1":[2,5,3,4,1,0],"_deriv_yPosition_0":[0,1,2,3,4,5],"_deriv_width_1":[1,2,5,0,3,4],"_deriv_height_1":[0,1,2,3,4,5]},"attrs":{"font-family":["Roboto","Roboto","Roboto","Roboto","Roboto","Roboto"],"font-size":["18px","18px","18px","18px","18px","18px"],"font-weight":["normal","normal","normal","normal","normal","normal"],"opacity":[1,1,1,1,1,1],"fill":["rgb(0,0,0)","rgb(0,0,0)","rgb(0,0,0)","rgb(0,0,0)","rgb(0,0,0)","rgb(0,0,0)"],"fill-opacity":[1,1,1,1,1,1],"stroke":["none","none","none","none","none","none"],"stroke-width":[1,1,1,1,1,1],"shape":["text","text","text","text","text","text"],"xPosition":[568.8984375,448,151.6015625,247.8046875,321.8984375,158.1015625],"yPosition":[53.3046875,110.3046875,167.3046875,224.3046875,281.3046875,338.3046875],"area":[846.175537109375,487.06689453125,603.017333984375,846.175537109375,846.175537109375,603.017333984375],"width":[35.234375,20.28125,25.109375,35.234375,35.234375,25.109375],"height":[24.015625,24.015625,24.015625,24.015625,24.015625,24.015625],"text":["37.3","28","5.2","12.6","18.3","5.7"],"rotation":[0,0,0,0,0,0]},"numFields":7,"ids":[7,8,9,10,11,12],"mappings":[{"data":"country","attr":"text","type":"nominal","params":{"DE":"37.3","FR":"28","BE":"5.2","MX":"12.6","CA":"18.3","PA":"5.7"},"group":"~0~groups~1"},{"data":"gdp","attr":"text","type":"nominal","params":{"28":"28","37.3":"37.3","5.2":"5.2","12.6":"12.6","18.3":"18.3","5.7":"5.7"},"group":"~0~groups~1"},{"data":["gdp"],"attr":"xPosition","type":"linear","params":{"attrMin":151.6015625,"attrMax":568.8984375,"coeffs":[12.99988435278885,84.00284555271901],"err":0.9999999998757266},"dataRange":[0,40],"attrRange":[84.00284555271901,603.998219664273],"group":"~0~groups~1"},{"data":["_deriv_yPosition_0"],"attr":"yPosition","type":"derived","params":{"attrMin":53.3046875,"attrMax":338.3046875,"coeffs":[57,53.30468750000007],"err":1},"group":"~0~groups~1"}],"nodeAttrs":[{"x":"508.8999999999999","y":"40.5","text-anchor":"middle","text":"37.3"},{"x":"388","y":"97.5","text-anchor":"middle","text":"28"},{"x":"91.60000000000001","y":"154.5","text-anchor":"middle","text":"5.2"},{"x":"187.8","y":"211.5","text-anchor":"middle","text":"12.6"},{"x":"261.9","y":"268.5","text-anchor":"middle","text":"18.3"},{"x":"98.10000000000001","y":"325.5","text-anchor":"middle","text":"5.7"}]},{"data":{"number":[0,20,40],"_deriv_xPosition_2":[0,1,2],"_deriv_yPosition_2":[0,1,2],"_deriv_width_2":[0,1,2],"_deriv_height_2":[0,1,2]},"attrs":{"font-family":["Times","Times","Times"],"font-size":["16px","16px","16px"],"font-weight":["normal","normal","normal"],"opacity":[1,1,1],"fill":["none","none","none"],"fill-opacity":[1,1,1],"stroke":["none","none","none"],"stroke-width":["1px","1px","1px"],"shape":["line","line","line"],"xPosition":[60,320,580],"yPosition":[373,373,373],"area":[0,0,0],"width":[0,0,0],"height":[6,6,6],"text":["","",""],"rotation":[0,0,0]},"numFields":5,"ids":[15,18,21],"mappings":[{"data":["number"],"attr":"xPosition","type":"linear","params":{"attrMin":60,"attrMax":580,"coeffs":[13,60.0000000000001],"err":1},"dataRange":[0,40],"attrRange":[60.0000000000001,580.0000000000001],"group":"~0~groups~2"}],"nodeAttrs":[{"y2":"6","x2":"0","text":""},{"y2":"6","x2":"0","text":""},{"y2":"6","x2":"0","text":""}],"name":"xaxis-ticks","axis":"xaxis"},{"data":{"number":[0,20,40],"_deriv_xPosition_2":[0,1,2],"_deriv_yPosition_3":[0,1,2],"_deriv_width_3":[0,1,2],"_deriv_height_3":[0,1,2]},"attrs":{"font-family":["Roboto","Roboto","Roboto"],"font-size":["20px","20px","20px"],"font-weight":["normal","normal","normal"],"opacity":[1,1,1],"fill":["none","none","none"],"fill-opacity":[1,1,1],"stroke":["none","none","none"],"stroke-width":[1,1,1],"shape":["text","text","text"],"xPosition":[60,320,580],"yPosition":[385.6015625,385.6015625,385.6015625],"area":[298.07177734375,595.31787109375,595.31787109375],"width":[11.28125,22.53125,22.53125],"height":[26.421875,26.421875,26.421875],"text":["0","20","40"],"rotation":[0,0,0]},"numFields":5,"ids":[16,19,22],"mappings":[{"data":"number",